<?xml version="1.0" encoding="UTF-8"?>
<manifest identifier="man00001" xmlns:bb="http://www.blackboard.com/content-packaging/"><organizations
   default="toc00001"><organization identifier="toc00001"><item identifier="itm00001"
     identifierref="res00001"><title>Quizzes</title><item identifier="itm00002"
      identifierref="res00002"><title>--TOP--</title><item identifier="itm00003"
      identifierref="res00003"><title>Quiz 1: Linear Regression</title></item><item identifier="itm00004"
      identifierref="res00004"><title>Quiz 2: Non-linear Models, Fixed Effects, and Diff and Diff</title></item><item
      identifier="itm00005"
      identifierref="res00005"><title>Quiz 3: Instrumental Variables and Regression Discontinuity</title></item><item
      identifier="itm00006"
      identifierref="res00006"><title>Quiz 4: Probit, Logit, Linear Probability, and Multinomial logit</title></item><item
      identifier="itm00007"
      identifierref="res00007"><title>Quiz 5: Count, Censored/Truncated Regression</title></item><item
      identifier="itm00008"
      identifierref="res00008"><title>Make up Quiz 1 (**Webcam**) - Requires Respondus LockDown Browser</title></item><item
      identifier="itm00009"
   identifierref="res00009"><title>Multinomial logit calculation</title></item></item></item></organization></organizations><resources><resource
   bb:file="res00001.dat" bb:title="Quizzes" identifier="res00001" type="course/x-bb-coursetoc"
   xml:base="res00001"/><resource bb:file="res00002.dat" bb:title="--TOP--" identifier="res00002"
   type="resource/x-bb-document" xml:base="res00002"/><resource bb:file="res00003.dat"
   bb:title="Quiz 1: Linear Regression" identifier="res00003" type="resource/x-bb-document"
   xml:base="res00003"/><resource bb:file="res00004.dat"
   bb:title="Quiz 2: Non-linear Models, Fixed Effects, and Diff and Diff" identifier="res00004"
   type="resource/x-bb-document" xml:base="res00004"/><resource bb:file="res00005.dat"
   bb:title="Quiz 3: Instrumental Variables and Regression Discontinuity" identifier="res00005"
   type="resource/x-bb-document" xml:base="res00005"/><resource bb:file="res00006.dat"
   bb:title="Quiz 4: Probit, Logit, Linear Probability, and Multinomial logit" identifier="res00006"
   type="resource/x-bb-document" xml:base="res00006"/><resource bb:file="res00007.dat"
   bb:title="Quiz 5: Count, Censored/Truncated Regression" identifier="res00007" type="resource/x-bb-document"
   xml:base="res00007"/><resource bb:file="res00008.dat"
   bb:title="Make up Quiz 1 (**Webcam**) - Requires Respondus LockDown Browser" identifier="res00008"
   type="resource/x-bb-document" xml:base="res00008"/><resource bb:file="res00009.dat"
   bb:title="Multinomial logit calculation" identifier="res00009" type="resource/x-bb-document"
   xml:base="res00009"/><resource bb:file="res00010.dat" bb:title="CSResourceLinks" identifier="res00010"
   type="course/x-bb-csresourcelinks" xml:base="res00010"/><resource bb:file="res00011.dat" bb:title="42326117"
   identifier="res00011" type="resource/x-mhhe-course-cx" xml:base="res00011"/></resources></manifest>
